Day;Visitors
03.01.2022;10442
04.01.2022;10514
05.01.2022;10959
06.01.2022;11020
07.01.2022;11484
08.01.2022;3641
09.01.2022;3679
10.01.2022;12035
11.01.2022;11376
12.01.2022;11524
13.01.2022;12427
14.01.2022;11830
15.01.2022;3910
16.01.2022;3949
17.01.2022;13049
18.01.2022;12668
19.01.2022;13307
20.01.2022;13194
21.01.2022;13153
22.01.2022;4182
23.01.2022;4222
24.01.2022;12961
25.01.2022;13385
26.01.2022;13128
27.01.2022;13961
28.01.2022;13291
29.01.2022;4458
30.01.2022;4498
31.01.2022;13851
01.02.2022;14125
02.02.2022;14120
03.02.2022;14849
04.02.2022;15232
05.02.2022;4737
06.02.2022;4777
07.02.2022;14823
08.02.2022;15591
09.02.2022;15441
10.02.2022;15363
11.02.2022;15138
12.02.2022;5020
13.02.2022;5060
14.02.2022;15855
15.02.2022;15783
16.02.2022;16486
17.02.2022;16316
18.02.2022;15834
19.02.2022;5306
20.02.2022;5347
21.02.2022;13919
22.02.2022;13812
23.02.2022;14622
24.02.2022;14338
25.02.2022;13922
26.02.2022;5595
27.02.2022;5637
28.02.2022;18585
01.03.2022;17690
02.03.2022;17934
03.03.2022;17914
04.03.2022;17757
05.03.2022;5888
06.03.2022;5930
07.03.2022;18320
08.03.2022;19690
09.03.2022;19449
10.03.2022;19431
11.03.2022;19581
12.03.2022;6184
13.03.2022;6226
14.03.2022;20336
15.03.2022;20124
16.03.2022;20645
17.03.2022;19414
18.03.2022;19394
19.03.2022;6483
20.03.2022;6526
21.03.2022;19946
22.03.2022;20095
23.03.2022;21015
24.03.2022;21148
25.03.2022;21131
26.03.2022;6786
27.03.2022;6829
28.03.2022;21297
29.03.2022;21634
30.03.2022;21274
31.03.2022;21383
01.04.2022;21532
02.04.2022;7092
03.04.2022;7136
04.04.2022;22955
05.04.2022;22605
06.04.2022;22095
07.04.2022;22487
08.04.2022;23614
09.04.2022;7401
10.04.2022;7446
11.04.2022;24310
12.04.2022;22700
13.04.2022;24614
14.04.2022;23476
15.04.2022;8034
16.04.2022;7714
17.04.2022;7759
18.04.2022;16701
19.04.2022;17147
20.04.2022;17636
21.04.2022;16822
22.04.2022;17584
23.04.2022;8031
24.04.2022;8076
25.04.2022;24530
26.04.2022;25316
27.04.2022;24813
28.04.2022;26472
29.04.2022;26248
30.04.2022;8350
01.05.2022;8396
02.05.2022;26276
03.05.2022;26210
04.05.2022;27603
05.05.2022;25926
06.05.2022;25949
07.05.2022;8673
08.05.2022;8720
09.05.2022;26949
10.05.2022;26777
11.05.2022;28230
12.05.2022;27224
13.05.2022;27577
14.05.2022;8999
15.05.2022;9046
16.05.2022;28956
17.05.2022;27923
18.05.2022;28590
19.05.2022;29313
20.05.2022;29728
21.05.2022;9329
22.05.2022;9376
23.05.2022;30466
24.05.2022;30205
25.05.2022;28626
26.05.2022;19193
27.05.2022;29568
28.05.2022;9662
29.05.2022;9710
30.05.2022;30725
31.05.2022;29951
01.06.2022;30453
02.06.2022;31262
03.06.2022;32092
04.06.2022;9999
05.06.2022;10047
06.06.2022;31785
07.06.2022;31587
08.06.2022;31814
09.06.2022;31322
10.06.2022;31422
11.06.2022;10338
12.06.2022;10387
13.06.2022;33367
14.06.2022;32193
15.06.2022;33537
16.06.2022;32818
17.06.2022;33788
18.06.2022;10681
19.06.2022;10731
20.06.2022;32865
21.06.2022;33346
22.06.2022;33363
23.06.2022;34464
24.06.2022;33879
25.06.2022;11028
26.06.2022;11078
27.06.2022;35784
28.06.2022;35401
29.06.2022;33965
30.06.2022;36557
01.07.2022;35769
02.07.2022;11378
03.07.2022;11350
