date,market_return
2013-03-31,0.04279531623357942
2013-04-30,0.01839442314758186
2013-05-31,0.02126500746041793
2013-06-30,-0.011344634690827388
2013-07-31,0.05634639552922963
2013-08-31,-0.027416591197508097
2013-09-30,0.042531157985837745
2013-10-31,0.04145470003571804
2013-11-30,0.02253838206827649
2013-12-31,0.027773369254810772
2014-01-31,-0.019918778425337604
2014-02-28,0.05201552568607477
2014-03-31,0.0027975175791759774
2014-04-30,-0.001034021952347429
2014-05-31,0.025735506017697432
2014-06-30,0.024248219799211983
2014-07-31,-0.021651794572649135
2014-08-31,0.04093479916894796
2014-09-30,-0.02556600824246543
2014-10-31,0.03739935876630909
2014-11-30,0.027974819474166343
2014-12-31,0.0037403703619411093
2015-01-31,-0.021219297918485796
2015-02-28,0.05296692524041158
2015-03-31,-0.004800032449905916
2015-04-30,-0.003556894181144611
2015-05-31,0.011772708175492131
2015-06-30,-0.01958292269485428
2015-07-31,0.01153380093470417
2015-08-31,-0.05477266029528005
2015-09-30,-0.02996995772686357
2015-10-31,0.07241271273772137
2015-11-30,0.0028553703091356267
2015-12-31,-0.025800925440343403
2016-01-31,-0.055677121464035154
2016-02-29,0.007074040414059638
2016-03-31,0.07967140903597074
2016-04-30,0.0095093613891163
2016-05-31,0.01681426546640819
2016-06-30,4.7917138020356554e-4
2016-07-31,0.04327975927821335
2016-08-31,0.001020566303251495
2016-09-30,-0.0011554951220943744
2016-10-31,-0.024299578058165492
2016-11-30,0.04851896286428614
2016-12-31,0.010103654921939525
2017-01-31,0.02091371947954097
2017-02-28,0.03230641720871322
2017-03-31,-9.280974574320129e-4
2017-04-30,0.006249525436034523
2017-05-31,0.005088531591151997
2017-06-30,0.011161498886234782
2017-07-31,0.014996128605179593
2017-08-31,-0.012626549747357184
2017-09-30,0.02718752326401154
2017-10-31,0.00948727278710396
2017-11-30,0.036572052947586337
2017-12-31,0.011360475006340185
2018-01-31,0.04389200359897353
2018-02-28,-0.048851387857082484
