date,index_return
2013-03-31,0.02547096825386319
2013-04-30,0.012812493954849957
2013-05-31,0.04401859043738443
2013-06-30,-0.012848814518489515
2013-07-31,0.030832051495888857
2013-08-31,0.000844979265047785
2013-09-30,0.010226993754827607
2013-10-31,0.01947640131107109
2013-11-30,0.03692377458532703
2013-12-31,0.013590948338697117
2014-01-31,0.00806514066977182
2014-02-28,-0.00291929146820602
2014-03-31,0.025580064280368076
2014-04-30,0.0003970979651413131
2014-05-31,0.013683713645092466
2014-06-30,0.0303317334913773
2014-07-31,0.013358396376130566
2014-08-31,-0.005863869038568725
2014-09-30,0.016160854027213567
2014-10-31,-0.028075033990056397
2014-11-30,0.05538722016032871
2014-12-31,0.0047442738570946386
2015-01-31,-0.01270037531580559
2015-02-28,0.026634716839728068
2015-03-31,-0.001061377389299789
2015-04-30,0.007149072832081105
2015-05-31,0.008153289479965187
2015-06-30,-0.005989753496784989
2015-07-31,-0.002453210371125558
2015-08-31,-0.025915172815571097
2015-09-30,-0.04679709981518421
2015-10-31,0.04134930390195479
2015-11-30,0.027563079992690698
2015-12-31,-0.012755813171073993
2016-01-31,-0.06595653528587009
2016-02-29,-0.007390805795892796
2016-03-31,0.061714327721825946
2016-04-30,0.026504117312495357
2016-05-31,-0.004813205238154761
2016-06-30,0.00887899106775425
2016-07-31,0.03119646430473777
2016-08-31,0.010261063800083736
2016-09-30,-0.006107925101913825
2016-10-31,-0.006798937752874656
2016-11-30,0.010251887523214709
2016-12-31,0.037709181104762735
2017-01-31,0.012681215865540718
2017-02-28,0.02408224621118893
2017-03-31,0.015841813632286428
2017-04-30,-0.003173033859778185
2017-05-31,0.01527565262725128
2017-06-30,0.016131254305216336
2017-07-31,0.00826215391188967
2017-08-31,0.0008638604783830495
2017-09-30,0.014909087948148159
2017-10-31,0.025737712809486224
2017-11-30,0.014317559640203426
2017-12-31,0.027270869560188205
2018-01-31,0.04708858479022959
2018-02-28,-0.030339092408057988
